,x0,x1,y
0,1.0,-3.203110305136734,19.95134555954425
1,1.0,5.843709489007307,63.99099132445254
2,1.0,8.592692932470454,27.237020735990328
3,1.0,-0.7738135933020618,52.83792336172897
4,1.0,1.0540700440008233,119.7619505465986
5,1.0,-6.417931776036781,-221.3846814738589
6,1.0,-3.9846898643355977,-110.83462914441466
7,1.0,-5.010367577419485,-0.4106840560983329
8,1.0,7.7466200685089515,148.92370383739828
9,1.0,5.901883070234295,-15.968738640798222
10,1.0,3.5103045989520454,235.04640457238622
11,1.0,-9.768266937955188,-172.9848532098454
12,1.0,4.384796804054085,-38.10936315615095
13,1.0,2.5846504170694917,16.85726640598348
14,1.0,8.83942254900527,90.1196459580417
15,1.0,9.52845567371548,10.835419191805215
16,1.0,-8.920841309876671,-136.9102147754516
17,1.0,6.571276708533906,-53.29109021938186
18,1.0,-3.4692308738829625,0.8260368327645295
19,1.0,-6.737650426465223,-286.42701066625733
20,1.0,9.509214518664615,155.66228554102904
21,1.0,8.356660785840763,228.54025812105624
22,1.0,8.416753225905635,151.58016726228757
23,1.0,-0.8095233326316986,84.71387075063946
24,1.0,-8.565558141036096,-166.40364634864693
25,1.0,5.870437909567958,197.8171944167121
26,1.0,5.552818461327704,-16.05210971180935
27,1.0,-8.408894453239089,-39.54887606079461
28,1.0,-9.027291030132377,-132.31899789102056
29,1.0,-4.309896891694902,-105.25574317116605
30,1.0,3.522242276304226,33.58677174850084
31,1.0,3.0147792129671602,52.491968027051975
32,1.0,-7.496135072007199,-15.921091364487168
33,1.0,-6.763935885560901,-51.486577782807736
34,1.0,1.972247221406378,-19.42419664447212
35,1.0,8.390531124304994,140.7462408897572
36,1.0,-5.44266480387167,-70.73111852574664
37,1.0,-4.315069461974872,-39.28382876445566
38,1.0,-7.31701957935557,-150.249223034113
39,1.0,-7.186397330842135,-133.97108523442355
40,1.0,-8.814039352525786,-284.0205534194989
41,1.0,-7.170427726192283,-55.50309011389321
42,1.0,-4.484553110157822,-126.97268653443176
43,1.0,-3.82703977132685,-228.05368455574063
44,1.0,-5.700661514901835,35.801590696377346
45,1.0,9.899945417448857,281.4298885586971
46,1.0,3.0905028347802754,131.13535306578763
47,1.0,-0.9220336401264873,89.2156057743174
48,1.0,5.57067918810241,63.07287570808957
49,1.0,-3.8782646379987162,-266.4038656408005
50,1.0,-2.2503127036853843,118.03522112416479
51,1.0,3.482285488149195,150.46736342916853
52,1.0,9.019616088170144,337.26951784437176
53,1.0,-2.0557252198430254,-145.79053453223833
54,1.0,6.132129724384063,78.45014695982496
55,1.0,-9.614346927000854,-343.69705273574215
56,1.0,-3.586033892715057,175.56215673998267
57,1.0,-3.4938977596370346,-120.65083159370776
58,1.0,-5.263507798368135,-89.97464068593003
59,1.0,7.511956239473592,210.08182889517292
60,1.0,4.971097312460168,85.76933065572109
61,1.0,-6.434159810072238,-149.11870433062526
62,1.0,-6.828935982821314,59.8929633432239
63,1.0,9.999078748252481,153.90791237306124
64,1.0,-2.5030257612382623,22.139097284458373
65,1.0,7.70494729592812,230.88948711714335
66,1.0,0.8625939775204183,208.58005568163907
67,1.0,3.0971843779695707,31.849400390130313
68,1.0,-3.8417159513083265,13.587759098768316
69,1.0,5.7170799485356945,121.70617525752039
70,1.0,6.790428162807292,-160.59769286550664
71,1.0,-9.918082782866456,-50.51971120082355
72,1.0,-7.469686530516661,-305.7792070317884
73,1.0,4.272711726796254,61.667671518681246
74,1.0,-3.5227947791960545,255.28339202917468
75,1.0,-6.941918935772955,-156.57005728186462
76,1.0,4.54004921048832,55.219072484988885
77,1.0,-9.908160420136802,-138.71202166066578
78,1.0,-4.5745220812869665,-35.3797888344443
79,1.0,0.5821874354548262,11.047831027876857
80,1.0,7.884990798667881,153.80632383498548
81,1.0,6.293068489809874,-34.942029370070216
82,1.0,8.433844710944761,-56.65977905039318
83,1.0,-3.859459763663571,-108.16923361139138
84,1.0,-7.965480671034699,-50.69223116160339
85,1.0,8.048162105130782,85.2285471673339
86,1.0,-2.2332649104034674,210.33130705397423
87,1.0,5.183171911707394,-142.3879188727181
88,1.0,-7.744573958534504,-130.88859850472596
89,1.0,-0.5677549819238359,-41.950640861143
90,1.0,-2.42562555894438,0.2168601110886108
91,1.0,5.639173931921693,188.44844361217451
92,1.0,-2.493438929233791,6.859084103409714
93,1.0,4.594478109506661,105.2599569214766
94,1.0,2.3483818483357544,18.650772095043212
95,1.0,-5.336986975897178,-219.98111591092407
96,1.0,4.833786391879496,53.459909089679726
97,1.0,1.8239622242383624,44.163488948934834
98,1.0,9.269652251247598,282.604336104165
99,1.0,-0.10442342384938019,8.27199210158159
100,1.0,-1.3314807612614343,-91.16440332273928
101,1.0,-8.428237205583562,-144.42423530656302
102,1.0,-8.54922285122626,-295.3825311151767
103,1.0,5.698618317177457,-109.92100406636543
104,1.0,-4.831912338102224,-12.440209968027517
105,1.0,-3.863605253515765,82.06354942895292
106,1.0,0.6775491260214306,-6.170178284252119
107,1.0,-2.3666055909990824,96.17043431195069
108,1.0,0.02554379002804641,-65.88022156858304
109,1.0,3.0677006669544737,13.16007730962935
110,1.0,7.083593357427668,152.67120198996804
111,1.0,-5.766800361248212,-89.24167559183525
112,1.0,-3.5231715154733756,-63.1226055797887
113,1.0,7.9470416603110605,335.38024391670217
114,1.0,6.297585009086461,190.32203364143243
115,1.0,-1.852821255888386,171.2856817557869
116,1.0,4.247948298209112,30.9985547188501
117,1.0,3.365026965962945,239.67546281145218
118,1.0,0.9761222150869919,17.889121893955313
119,1.0,-7.998347629278428,-89.73642881252613
120,1.0,6.875782039015239,-35.7133235929157
121,1.0,2.906328309167525,121.67966128835721
122,1.0,-3.89208955238191,-106.57955369270098
123,1.0,-6.7531173297703635,-170.1074653072272
124,1.0,9.754379242813606,130.3121313711334
125,1.0,2.2462727115441528,11.888777443376721
126,1.0,-7.855576598328602,-204.8613715751684
127,1.0,-3.4894427775044456,-36.4028739528496
128,1.0,6.26529823236734,135.79476483388723
129,1.0,2.1977243446329897,-1.1447318233302468
130,1.0,5.0760373921656,202.50057956277328
131,1.0,-3.267897309046557,53.894849682449816
132,1.0,-3.142647901230795,-164.86140056769256
133,1.0,7.402879986276334,184.3040264533899
134,1.0,-0.8613036560078724,-36.09273621704456
135,1.0,-9.37943940916507,-107.08993200062434
136,1.0,0.08223995652536509,47.79591603205702
137,1.0,8.199203191703928,318.1256408557317
138,1.0,-8.149779525468215,-112.14788901119262
139,1.0,-6.047909536379454,-121.76277666723448
140,1.0,-1.7619391858399425,-68.87324283671947
141,1.0,4.593954402527361,98.45284338593058
142,1.0,6.701075150915012,56.196769014391776
143,1.0,5.949214002723799,-47.161661184433456
144,1.0,-5.867426522473938,-127.48695375728579
145,1.0,8.698269176240656,240.0625541553713
146,1.0,-9.303281389605399,-316.89905962131195
147,1.0,-0.22270993378607162,-23.773030035051907
148,1.0,-9.364690559631669,-152.9942362443191
149,1.0,6.226312587567051,142.79639230986766
150,1.0,-4.964876170769266,-120.77228780013942
151,1.0,1.7898509916800087,55.57613130345041
152,1.0,-1.4637384381027063,-25.354459019801332
153,1.0,-6.763954793222451,-1.7671068024131245
154,1.0,6.957900871630985,60.22686114249104
155,1.0,-0.9395295396088277,-17.23563693895748
156,1.0,3.2879120021787767,17.44707156079621
157,1.0,8.51394124898893,166.85915125488532
158,1.0,8.823857831707668,52.996982714363426
159,1.0,9.737744724676116,181.52282019464187
160,1.0,-9.73256221254961,-267.5410116799594
161,1.0,6.95164750240604,139.6460746634731
162,1.0,-2.027456237594054,-110.18653947977278
163,1.0,-9.908068946593842,-101.5136523544744
164,1.0,9.595427906409249,186.7192089494401
165,1.0,9.95389847485445,130.386176463579
166,1.0,-7.235114945130066,-140.6596992334633
167,1.0,-4.294823772182898,-210.18746330425432
168,1.0,4.361650789263354,27.976584234892343
169,1.0,-6.697336162573404,166.6940338781665
170,1.0,4.18924600403628,67.63910220222004
171,1.0,-9.582884486613112,-74.0182067346876
172,1.0,-3.8730214912200656,24.650976203101493
173,1.0,-5.45613765974519,-66.47008708555735
174,1.0,0.2629441909677044,113.72209575617897
175,1.0,2.175835388813141,17.36791443467365
176,1.0,7.49254959223411,81.15732152419429
177,1.0,6.260824434344747,141.65658233637947
178,1.0,-6.0315212620860725,-80.08607660150663
179,1.0,-4.594682748332197,-51.02310622811652
180,1.0,-5.908824978908324,-131.01141884403287
181,1.0,-5.05081341741922,-36.011914098661784
182,1.0,-2.2528447259336914,82.57647556263515
183,1.0,7.98273071780873,431.91914170638825
184,1.0,-9.953882197368136,-134.07682351401147
185,1.0,5.295920326721369,3.95776243202927
186,1.0,4.835507523514099,253.99500162274148
187,1.0,-8.56704706229812,-50.12836679751342
188,1.0,-8.348758394523301,-20.340772791852388
189,1.0,-9.993307055713041,-153.65689195827613
190,1.0,5.389037143617639,65.94047407502325
191,1.0,-7.05859243537728,-219.0719616462728
192,1.0,-1.693905259487145,-104.82354041068912
193,1.0,3.5374634489345302,87.5362039795139
194,1.0,7.81786739687333,6.177053946413167
195,1.0,2.7297005307138367,-58.488856026378365
196,1.0,-8.81862179934313,-126.17147158809323
197,1.0,4.542996371031429,195.72875962114693
198,1.0,-6.411580487124446,20.813036143300977
199,1.0,-6.85321641746347,-122.05025256649313
200,1.0,-9.058330310351161,-309.2115533421952
201,1.0,-9.22528620927785,-53.87915278193702
202,1.0,-9.702535190667911,-99.93736822224264
203,1.0,5.3084280360318274,16.6510152513559
204,1.0,8.82840378141142,310.8911797461092
205,1.0,4.403494427805561,8.871861837627947
206,1.0,-9.180019189113564,-31.869666048652107
207,1.0,0.4201244048265096,-51.328975293306435
208,1.0,-1.4057826873498724,-49.09404608322305
209,1.0,-0.5364723854720221,-40.9255792907627
210,1.0,-1.1168348018970131,131.73957148892777
211,1.0,-6.956093019083607,-207.83285671938285
212,1.0,0.342797189927011,-10.716835751246041
213,1.0,6.908936296973338,175.5974563383689
214,1.0,-9.301312709699634,-161.08772424368973
215,1.0,-9.084590314496381,-152.0192471239319
216,1.0,-3.8850650022024547,-50.993724275975815
217,1.0,-3.672182338672565,65.96820443697854
218,1.0,7.219913065935273,120.9217579042576
219,1.0,-0.928353497855321,-162.79975849381233
220,1.0,7.606401970151094,8.418514995013766
221,1.0,-6.40330234518693,46.94914382005841
222,1.0,3.2138627271684195,11.942138322048223
223,1.0,-7.753949333652406,26.496061811637446
224,1.0,-4.164074193894618,-93.18115276167549
225,1.0,8.963591179045803,264.5931562237154
226,1.0,-6.008222055802024,-266.47823895039767
227,1.0,-6.359337537161962,-27.95295897748033
228,1.0,6.411503313496832,130.8298407217535
229,1.0,-7.379227328098239,-224.82481880034948
230,1.0,6.352823051720861,195.3912408578404
231,1.0,2.5990338863509055,-88.00614079944826
232,1.0,-3.0218510157556855,148.0355495831426
233,1.0,4.719959359512995,184.2508300139358
234,1.0,8.73617937941958,96.68370436461316
235,1.0,3.235442035277716,41.2487636211653
236,1.0,8.175032745220623,-84.00319623761081
237,1.0,-4.6201544617269,2.5013067773551825
238,1.0,-1.6066416317113985,-40.937878734723895
239,1.0,-1.0135999858820255,-101.24504536516544
240,1.0,7.4105807121497325,62.822470845742664
241,1.0,-3.019194856352887,-20.91639595923992
242,1.0,3.796424896999484,182.98660897313943
243,1.0,4.794445106589693,84.9530401237415
244,1.0,-8.041633974735849,40.35024995113153
245,1.0,7.9145429013807345,171.6643439654248
246,1.0,4.6370912025556565,-19.60807546435875
247,1.0,-5.660943887342578,-130.03843122792654
248,1.0,4.0988529117211,129.70575852637842
249,1.0,-7.641293635395064,8.788183321473753
250,1.0,-5.788309936016178,-107.1372625002697
251,1.0,-6.634709622685109,-184.2957696117041
252,1.0,-3.3935383482681036,-108.64547799106916
253,1.0,-2.3392111084601286,-87.8263537822534
254,1.0,-2.357071205368697,19.146353752691837
255,1.0,-2.1327106871746015,-87.46006137784033
256,1.0,-1.6532151125564365,57.671159617514405
257,1.0,-9.347995976823867,-175.5911271218847
258,1.0,8.501054782426278,120.51916457959018
259,1.0,7.956969575571813,207.47961140961172
260,1.0,6.087757541315842,122.88214307100037
261,1.0,-1.4109682938941903,12.79181865608231
262,1.0,-7.749448073963416,-254.6361362522917
263,1.0,4.59156550648649,76.45785322819503
264,1.0,-6.408437062087129,-194.91141756245162
265,1.0,3.060420061502993,170.94744029894292
266,1.0,0.6604807250738354,102.22589704833597
267,1.0,9.531668752349102,194.10731735474894
268,1.0,-3.6114393236792153,24.423215775564643
269,1.0,4.323720441257326,44.35639586805553
270,1.0,7.531385824625958,172.11573566784466
271,1.0,-4.045620447962628,-39.194024341688674
272,1.0,1.981176580883739,-49.368277548612056
273,1.0,6.230693882674223,162.49446886322278
274,1.0,4.336463499507306,-5.635869847194428
275,1.0,-8.625168029678678,31.074996783638397
276,1.0,0.32038553534150305,-211.1455909192487
277,1.0,-5.645510902847894,-129.0218455526415
278,1.0,3.72059421586467,111.30885391156264
279,1.0,0.5953594718239974,47.0118265152746
280,1.0,-8.547231405216468,-112.35691990123567
281,1.0,4.666680152348592,18.35193198957589
282,1.0,7.392516104157199,82.39141596079926
283,1.0,3.6903060354583817,198.04225538329524
284,1.0,-9.040916189673002,35.36543592919645
285,1.0,0.4169307077025852,-101.82116489665948
286,1.0,-5.100894471982129,28.813472587717
287,1.0,7.5508778502106555,165.90354899927613
288,1.0,9.037892786850675,390.1066520431838
289,1.0,9.715299401161179,254.620593571587
290,1.0,0.08706300982485482,-235.5147670792911
291,1.0,-2.2941681960961535,-26.19555028743026
292,1.0,-6.303450426926174,-49.01616252534714
293,1.0,3.9321659262049202,23.817631066484395
294,1.0,4.699673015391812,62.74753948584588
295,1.0,4.522943730926086,161.87670522615832
296,1.0,7.017152969717857,107.18135828319036
297,1.0,-5.065648558604838,-25.908395509442855
298,1.0,-8.666500564673127,-224.11940738557018
299,1.0,5.910538274579141,146.6246931601359
300,1.0,-5.444594056982259,-6.108217045587537
301,1.0,8.511804500302429,245.26458345501874
302,1.0,5.839133999025359,18.233174050205577
303,1.0,-8.087187199237517,-220.81383151776802
304,1.0,9.584443139599488,178.33435850375005
305,1.0,-2.0238318355439477,9.515204201629519
306,1.0,-1.7339255425340339,75.08823879525039
307,1.0,-4.954929056801422,-75.77271839304339
308,1.0,-6.992624834986183,-97.08800114282784
309,1.0,-4.054058808787917,-102.95455658428345
310,1.0,0.5710391928320879,162.0650782374362
311,1.0,5.492837539594319,15.748533382973378
312,1.0,1.6606088188779533,129.16342964225777
313,1.0,2.6480446663151036,22.957136600034328
314,1.0,-8.6001409699225,-68.15290208255257
315,1.0,1.3080320667842105,277.0562960351593
316,1.0,-8.0077956164072,-303.4593481366478
317,1.0,-4.740130455695679,253.8676663947441
318,1.0,7.488150447207529,134.10894409535325
319,1.0,-3.3841592106463025,-22.265913760115843
320,1.0,-0.9147464612575273,110.02591739571685
321,1.0,5.453888042400408,344.11357318339316
322,1.0,-2.1853893085403775,-88.90458262950949
323,1.0,-3.0610227720047156,164.70717998703083
324,1.0,5.4354621971863715,180.99094373173932
325,1.0,5.089258855687175,-25.624053175380666
326,1.0,0.03744807770665437,84.49475298765601
327,1.0,-8.435635544644843,-140.60303293838354
328,1.0,-0.18928655010784112,-146.4803606206003
329,1.0,9.156931193949108,318.1051832677347
330,1.0,7.1445321144878715,139.8247355056037
331,1.0,7.522943911451581,177.379779284823
332,1.0,-2.62588466968118,79.00922400708598
333,1.0,-1.3123479798957205,45.03166112947295
334,1.0,-3.7689057916456603,-253.60999149231108
335,1.0,-1.4395105006590736,23.84779124455318
336,1.0,-3.321567849515197,50.97307215978328
337,1.0,-9.004037045872161,-15.182890515492673
338,1.0,9.534718065511269,82.15972757750941
339,1.0,5.750419708515557,-0.5090170563535708
340,1.0,5.025989645802078,230.87762970292624
341,1.0,-1.8693912413111735,10.081736068383062
342,1.0,-8.2592342636894,-3.9787119857916053
343,1.0,4.511842501912606,-88.41743738230794
344,1.0,6.373725688799377,154.42522958772702
345,1.0,7.368048707281445,3.8949256287872487
346,1.0,-4.580666355891456,22.098763901697524
347,1.0,7.848664748813818,254.08937421938154
348,1.0,-0.27109799297257986,-162.12197210791425
349,1.0,-5.9791517688493645,-237.46262568459585
350,1.0,7.811393012793106,51.77431953103924
351,1.0,1.7132678813130187,-56.06753180042496
352,1.0,6.682961401661625,143.90735098487494
353,1.0,-5.753146695556593,-51.331003923807245
354,1.0,-5.324197028261002,-36.87200756059252
355,1.0,5.829015848005903,253.92124381084855
356,1.0,-4.647536349789672,-68.32012297479879
357,1.0,2.337283149611016,145.93488763157097
358,1.0,4.498244221358963,85.17024819387727
359,1.0,4.073771620123445,-44.37647692063727
360,1.0,-6.53135018402887,-21.899843755740946
361,1.0,-0.44100578273288393,150.72884370868692
362,1.0,1.0448129071491463,-69.32471761506649
363,1.0,-0.7116623220379625,-120.26308519360384
364,1.0,9.135324451524598,190.72945980923535
365,1.0,0.8469256654370838,207.1582192895106
366,1.0,9.73546470585136,11.635150334683829
367,1.0,0.3333976256352922,74.8355995435794
368,1.0,-5.658526908243293,-159.01125488374808
369,1.0,-9.505086321353637,-300.40303438126034
370,1.0,8.218282310282707,94.76513906825267
371,1.0,-2.439869443038689,277.87996641780796
372,1.0,0.3239791018914473,-93.86605220456613
373,1.0,-7.9820961872661655,-98.91841660376221
374,1.0,9.527656032167677,309.4163593780851
375,1.0,3.52377024884988,32.164159757031726
376,1.0,-6.800426989594968,-131.87913212967592
377,1.0,4.699580088213229,235.41753657672405
378,1.0,-2.838258682995658,-55.034144525832005
379,1.0,3.3812549633720157,-147.70287700628373
380,1.0,-0.2867880078394536,-13.099307711655547
381,1.0,2.7765388145275582,174.74381328464264
382,1.0,-5.545016064979982,-18.793688311895785
383,1.0,9.28048201161429,107.11691981946976
384,1.0,6.613673481580962,-20.63709255693216
385,1.0,-9.028578145449721,-18.720620679774157
386,1.0,7.876004422810919,192.4148942673467
387,1.0,-3.663998261889332,-136.4453989212862
388,1.0,1.8492508768503257,-210.62392897802692
389,1.0,-3.4109674989178784,-8.289276404342495
390,1.0,-6.161594704504858,38.423240030060484
391,1.0,-1.2058481726665837,-116.8862143240884
392,1.0,-3.8332657999980246,-116.1739772852299
393,1.0,-2.5919015463883643,-54.474864976102005
394,1.0,5.275636270797451,115.82160374231145
395,1.0,1.9753656307624223,80.12406075244971
396,1.0,4.069958768516992,165.5078091803192
397,1.0,-2.2341927524448324,67.02110378102408
398,1.0,0.062042028628963575,10.232527603317045
399,1.0,5.519780334560169,196.55593378091436
400,1.0,-0.01278999552539295,108.04843533299251
401,1.0,-8.236371586648817,-15.941739526516457
402,1.0,6.010204901979996,-171.42569901521023
403,1.0,0.6113016563512352,33.403650124287026
404,1.0,2.082310312083022,-130.71055118721037
405,1.0,-9.167467598824992,-11.67332481453252
406,1.0,-6.670422651932368,-255.66016877772148
407,1.0,-6.958164360876308,-193.16977020043365
408,1.0,-7.703393833086154,-140.11206612975425
409,1.0,-3.4955054086742354,-190.91815242148834
410,1.0,-0.964673228676407,-64.445320721196
411,1.0,8.582264280784578,127.99251064174558
412,1.0,9.488807448950984,219.6733453293637
413,1.0,2.5896416131853695,94.21736308117673
414,1.0,-5.2479361201899755,-21.6021918133603
415,1.0,-5.701825118306145,-249.76420251271105
416,1.0,0.9782983030785908,-73.2759675673222
417,1.0,6.11731643411497,247.6543958969892
418,1.0,4.120452431447992,-7.415873442944189
419,1.0,1.255124953218807,53.92387324150489
420,1.0,-6.712102816810177,-84.16684242924558
421,1.0,-3.5517429762919583,89.6314915332828
422,1.0,0.45363669548675434,-68.55751280001061
423,1.0,8.754265801205781,106.42715805996974
424,1.0,-6.198903185192501,-177.12123415229928
425,1.0,-8.807698726722696,-114.57911659937274
426,1.0,-4.62701522766007,-50.168384279672814
427,1.0,-2.684400209572446,119.72739983619198
428,1.0,2.329063451960467,64.91055717008201
429,1.0,-5.832466269409771,-173.8194629903069
430,1.0,-8.167126743239002,-71.89430381007347
431,1.0,-0.1272915853285883,-146.89168263295588
432,1.0,-7.136591172292119,79.01223492173234
433,1.0,-1.5061696895672227,190.689509092244
434,1.0,2.616311293913538,21.846086302958657
435,1.0,-7.00620043782836,30.82075576073784
436,1.0,3.684470173966774,176.70850009859143
437,1.0,8.232650975713726,165.44401436153328
438,1.0,-9.627292411783639,-129.02394487989653
439,1.0,-6.776050727939927,-253.74424122105404
440,1.0,5.275182758283803,194.84157211718838
441,1.0,-3.8100675330402667,-34.30830843239987
442,1.0,0.8692047398906722,66.87792754155824
443,1.0,-1.7597757852403273,-84.83206188970769
444,1.0,4.9553714673499405,3.0205243681858747
445,1.0,-5.834229853664961,-138.8378048346425
446,1.0,-4.5160709403654735,76.52175632909962
447,1.0,8.896932156852088,125.27669105259639
448,1.0,1.7707293054372397,-54.560613115248984
449,1.0,1.8434860963598632,5.618219039946851
450,1.0,-3.698782913402452,-170.71443362645005
451,1.0,-5.695176225119427,-14.37850154542592
452,1.0,-9.312275708970168,37.99706832964205
453,1.0,-5.449896813266692,-107.30199610202581
454,1.0,-4.939526319881484,-245.07219023725378
455,1.0,-6.351417008220686,-110.40524215804717
456,1.0,8.595680975135348,184.6997053455761
457,1.0,6.492875840916376,227.34436050937074
458,1.0,-4.999152266479898,115.74458752768889
459,1.0,9.930619991827994,141.45656643568742
460,1.0,8.64454521926185,0.1522821413274471
461,1.0,-9.978215713377407,-79.54503770155014
462,1.0,-2.3235851359140214,147.08143513847477
463,1.0,-8.878973205162218,3.8518661142534256
464,1.0,-4.514478460475004,59.50524507754375
465,1.0,-3.0143735309427955,-177.81286050881428
466,1.0,-3.9031082478178947,-107.97073294014106
467,1.0,-8.59468664105968,-218.41240576062245
468,1.0,-5.287161709574654,-108.72567099381956
469,1.0,0.025939483437975586,149.4337100249761
470,1.0,2.455786130796691,190.53677561869443
471,1.0,-1.2547699033945103,6.764605164821411
472,1.0,-0.7479698184831984,-84.59766484108656
473,1.0,-7.0668988220640845,-120.97205833234119
474,1.0,-0.3509305470451096,56.12199192014831
475,1.0,3.705682853090655,55.920876989641144
476,1.0,-5.195608150057098,-41.087763875036444
477,1.0,2.6021567067761175,55.46893334418053
478,1.0,-2.5949042257470167,9.4340025467434
479,1.0,-2.566805499352338,134.66454925811405
480,1.0,-4.780306881033027,-128.07254631092934
481,1.0,-0.8856292364164076,-41.927214935340714
482,1.0,-8.5239365386127,-64.08925362685923
483,1.0,-5.814331468299734,-79.10967173193661
484,1.0,-9.595605721666107,-111.10979809712141
485,1.0,-9.741687947404738,-326.3213726408104
486,1.0,-5.6084070560496935,-73.62052890231348
487,1.0,2.5482676649489244,144.4351214508095
488,1.0,6.11177275061203,173.13052576235987
489,1.0,8.269008322394333,141.99037398176463
490,1.0,-5.255594760237603,-184.76392698252226
491,1.0,-9.056443028547314,-101.57985954195667
492,1.0,8.91381661369164,260.66251026551834
493,1.0,8.783646151932551,140.0546676671964
494,1.0,-9.123106492083238,-119.29918850867841
495,1.0,-7.952303620440588,-121.77197150880258
496,1.0,6.505443732317779,149.29688140276494
497,1.0,-7.746801896455617,119.23101975612576
498,1.0,-3.034056465719306,53.63258967572077
499,1.0,7.391530339318637,-27.538949517038546
500,1.0,5.916598658841393,25.298731183962033
501,1.0,1.6031942001013144,155.50975834340352
502,1.0,0.24720875374186546,-99.03903337203046
503,1.0,6.54409932024572,47.374413246898555
504,1.0,8.650124178376156,198.61863404077704
505,1.0,-9.847495286128915,-210.92807437300422
506,1.0,3.2212243176765343,-36.878508653673286
507,1.0,-1.027113272935598,156.67527321685665
508,1.0,-3.9354243704740766,-31.416217830115112
509,1.0,-4.750095769722029,-88.42610782244826
510,1.0,-1.9527561877392041,-178.24617292890161
511,1.0,-4.52420151460278,-6.923027178840449
512,1.0,8.694037356401143,32.47946690562779
513,1.0,-3.0870057650720306,-150.21517268177652
514,1.0,9.046828318961232,249.44265590767827
515,1.0,8.408849024060741,55.794304083703565
516,1.0,-2.5032485898318435,-168.1965339394405
517,1.0,-6.697720956554177,-166.93903571020587
518,1.0,5.136178955856443,167.87536413830844
519,1.0,1.4777582498942166,42.342496846603936
520,1.0,-7.5535834565553595,-203.07556840178268
521,1.0,-6.408329697530537,2.0164591335737043
522,1.0,-4.05887551453443,-48.1808125411652
523,1.0,-0.26025035948459285,-95.75263079668744
524,1.0,-6.017967688038583,-35.42572742455259
525,1.0,0.15903683630607457,-41.31082007104708
526,1.0,-9.098645831304,-296.1241039225969
527,1.0,7.360933261069875,207.66915973175944
528,1.0,-3.6574878558509227,102.40301071175921
529,1.0,-7.324514699933853,-36.95896071883885
530,1.0,7.656749758855312,42.17401615463862
531,1.0,-7.751000676844837,-107.44947444417781
532,1.0,3.046805188449444,-33.713352769581675
533,1.0,9.568738330489374,59.17818076008972
534,1.0,0.4871181705833272,-29.48390125578895
535,1.0,1.6127647783299204,59.706643893555295
536,1.0,-1.3114380412631665,-104.67220976656317
537,1.0,5.593996733799931,24.973218338945415
538,1.0,-7.099096048760776,-175.20363014925306
539,1.0,8.72323678928039,147.37241894445899
540,1.0,1.3074395462915311,66.74529940703745
541,1.0,4.613045789477718,105.74381927132814
542,1.0,1.3394338545371354,-25.31305148694897
543,1.0,8.747585021790547,254.43248993887607
544,1.0,-6.791710046724653,-229.17444723181097
545,1.0,0.9844794925302569,98.93580370261947
546,1.0,-3.0601878720227527,-165.0286144703272
547,1.0,2.2712397947666307,-131.78425797597288
548,1.0,-9.049115638646033,-64.861941619083
549,1.0,7.1845257067398105,-48.846217308771344
550,1.0,-4.98390042384308,61.001859314222386
551,1.0,6.6819914241102385,78.38849393612531
552,1.0,-0.8763027915088184,-55.161170142119985
553,1.0,-5.670685968497297,-153.13617526354142
554,1.0,6.996138880161393,-83.60809106253055
555,1.0,-8.786904870309806,-69.4186258546037
556,1.0,-5.345414376259663,-73.98418765289495
557,1.0,-7.656429492995802,-70.2355812342084
558,1.0,6.706516986149184,99.52256148469888
559,1.0,-6.4685011807383,-118.44354866475673
560,1.0,9.783379083353358,279.3491414890582
561,1.0,9.511185365826172,187.45292527949002
562,1.0,1.4034504086744515,51.98923541045829
563,1.0,3.522556373714394,208.03739409492712
564,1.0,-1.292526236747269,-38.633003845637845
565,1.0,8.78724845939606,199.65746589293684
566,1.0,-1.5243631856362527,102.49308995990364
567,1.0,5.948930064546696,-104.99674634188001
568,1.0,-5.307286328690317,-131.06158241574343
569,1.0,8.933696228852732,157.93565063161438
570,1.0,9.163509152679513,192.22547511434553
571,1.0,0.33682438209344134,-116.75620155668896
572,1.0,3.16289738178003,131.96800852656443
573,1.0,3.1805285659631966,17.29381510712369
574,1.0,5.971698334510174,107.15699684722779
575,1.0,3.155265528155915,-1.8094441162738875
576,1.0,3.5051154171948395,32.32675954736946
577,1.0,-5.049193354701074,-172.18633293632507
578,1.0,-2.4159688960089865,-72.074712547941
579,1.0,-1.7172188527543542,-79.87578103077244
580,1.0,5.139666478997283,3.395818556644187
581,1.0,-2.9728649075743974,-49.562265706370965
582,1.0,-7.7880969537781315,-275.8370119018075
583,1.0,-9.479561635945892,-180.14628437616486
584,1.0,0.35665537561487604,-44.55587458427547
585,1.0,-7.498602593802614,-233.29512744236243
586,1.0,4.915947830668013,188.02833690772846
587,1.0,0.4035079169876221,111.26644374252912
588,1.0,-8.531583079664443,-150.17219817866007
589,1.0,1.8749729246396996,289.69851815835307
590,1.0,-2.89124944249473,38.662480813332856
591,1.0,-8.403839347387587,-245.1765485554863
592,1.0,-8.199413082500273,43.42005787518032
593,1.0,7.756295441963501,141.7482019986707
594,1.0,-2.5992914293426583,-107.89883676588184
595,1.0,5.080347789062854,283.39604943932125
596,1.0,-2.149023793451177,-136.9181707010531
597,1.0,-1.357594155537658,-176.4616974173994
598,1.0,-5.941696914689986,-10.347125042472655
599,1.0,-1.6931436050021298,30.292026531295352
600,1.0,-1.4498235661870518,-85.96342572918114
601,1.0,-1.0983879772944638,23.253934792913547
602,1.0,4.558839801424699,60.48957780750219
603,1.0,5.159874757096389,283.53130179997936
604,1.0,-9.662545626249653,-307.47949599841047
605,1.0,-8.531127778552978,-58.57207878555215
606,1.0,-6.677140091528615,-25.156961317335586
607,1.0,-3.2243058130910063,157.97105150057786
608,1.0,6.072131889619499,58.611822861101345
609,1.0,-5.0265743468341135,-134.40790653836586
610,1.0,-4.718921321323382,-84.21327656465306
611,1.0,2.161701527178863,-98.36265732020972
612,1.0,4.7423092493687875,-11.535107224266426
613,1.0,4.009045772439723,30.211246232677055
614,1.0,8.7761574594299,82.91058392599834
615,1.0,-4.383727230641162,-62.50478529044989
616,1.0,1.9268398072904236,38.64509092206938
617,1.0,-5.174865047723878,-112.72301028810281
618,1.0,1.3298331807517205,70.25374500436209
619,1.0,3.344541736908768,-115.19335221945387
620,1.0,2.6455529841876313,21.86329127705913
621,1.0,1.6227006281971468,-114.40904928269937
622,1.0,5.645630520862945,121.89569016503708
623,1.0,7.566791117093046,109.94920955277705
624,1.0,8.41401222392604,-3.993857058206572
625,1.0,2.446755381417145,224.2103331829721
626,1.0,-9.180224824274028,-302.0924046691846
627,1.0,-8.133956045893791,0.2246977749850032
628,1.0,7.823332418076314,43.30377598059724
629,1.0,-2.104422840158824,-55.76245122308463
630,1.0,-8.01764179417175,17.38471054264697
631,1.0,4.300811208890167,-18.325782284718358
632,1.0,-6.122267995726642,48.93611191110658
633,1.0,-3.955271745475928,-61.243846752248885
634,1.0,9.216011828444516,265.34784850468475
635,1.0,-9.511844230029695,-270.22303146711914
636,1.0,-9.807944517279708,-165.08153009247627
637,1.0,-8.963883253399953,-142.0050605150668
638,1.0,3.298865067331802,64.93078626029369
639,1.0,-9.993400113984887,-124.18776931193078
640,1.0,4.722812092300385,31.886801781204582
641,1.0,-6.832093860316348,-0.05615646315095546
642,1.0,8.97199295534987,250.51733923230898
643,1.0,5.108836525570144,105.89603007697634
644,1.0,-4.622549657266037,-56.14950389155657
645,1.0,-3.305493142596514,-15.003788024446965
646,1.0,0.5839576637236332,84.66436933533066
647,1.0,-5.416089978307546,56.18302756823164
648,1.0,9.778681156706208,291.14764769902285
649,1.0,-3.675069057742393,158.6148727868375
650,1.0,7.362167685783618,99.17500821833092
651,1.0,-1.0951981775754316,58.639196120239085
652,1.0,-7.839100597168544,35.7672811451165
653,1.0,2.1941792692463946,22.47000869708623
654,1.0,-1.082769667029011,-98.35357623330222
655,1.0,-6.921189225148227,64.96088234080707
656,1.0,-2.9291924101012823,-192.3091292376157
657,1.0,5.274009633192569,21.178351394368704
658,1.0,5.292428938443421,290.48673347156796
659,1.0,-8.343067972281588,-331.6028899112184
660,1.0,3.8565912281282477,80.76923675651003
661,1.0,6.445231239489761,78.75755270944448
662,1.0,1.1624845564364872,-25.189406716105076
663,1.0,7.40484490536947,17.06217804321166
664,1.0,7.015715385452785,236.15828549129088
665,1.0,9.518102869477794,145.62811301466712
666,1.0,4.729674260705787,84.61774524505624
667,1.0,-5.977093478539808,131.17212599140242
668,1.0,6.7430709213573214,72.53367921200542
669,1.0,-1.5722761014240039,100.8228584416402
670,1.0,-5.87840927848201,-191.85321076239455
671,1.0,0.008197702039061117,-29.357502582774494
672,1.0,-4.15963518930859,-142.35175098026303
673,1.0,-0.15799159537575047,-19.16316498309325
674,1.0,0.3482947551397153,34.63975611421196
675,1.0,-1.1988395344492875,-73.12562571471466
676,1.0,7.879294982126033,69.36095578921123
677,1.0,-3.2657357690314637,150.25750143666508
678,1.0,5.474146335997185,154.33457198024166
679,1.0,5.109024444382236,30.10823726603264
680,1.0,-5.059440775676118,-111.58996855247646
681,1.0,-9.028286400131002,-66.09712246887501
682,1.0,7.859945535308364,-42.31880946664543
683,1.0,-2.051096923023852,55.28849273420468
684,1.0,7.321218421956443,104.50863072199654
685,1.0,-3.289564254561388,-214.05500249119672
686,1.0,7.959717520621529,74.07471015700817
687,1.0,-1.5563796977544775,-140.04475106541392
688,1.0,4.646494531511087,-39.62249170926131
689,1.0,-6.491392159253582,-185.5341217763199
690,1.0,2.0845101151036016,-122.8423704023107
691,1.0,1.9968955795951815,-29.823138774827
692,1.0,-6.39583046715456,-111.20228012448692
693,1.0,-4.489019409733103,-62.30276169715545
694,1.0,-3.9066667617483564,-43.890068861111644
695,1.0,-1.432676457764741,-39.764342794954544
696,1.0,-8.626788783329397,-89.10648820597424
697,1.0,0.6771212147306649,-71.32915426901481
698,1.0,5.703299390071816,6.982241227697543
699,1.0,2.6299022113346737,-90.78844987885884
700,1.0,-4.876332432356851,-84.14501322539468
701,1.0,8.794875391330457,176.222337129295
702,1.0,2.8499978420181504,86.31357753144854
703,1.0,9.622339262439883,215.35204067247625
704,1.0,-0.4600887924439667,114.84778037062944
705,1.0,-2.667079892953741,-20.725630226727255
706,1.0,-8.681366860028286,-363.0219103583971
707,1.0,9.528507343655166,208.54397630560473
708,1.0,-3.1059911484504155,19.502144497335046
709,1.0,9.667953391689215,181.4024658260377
710,1.0,-9.536056036976676,-148.83177683800216
711,1.0,9.65654349610135,2.4875856884289647
712,1.0,-7.7295717695834405,-92.84805444814273
713,1.0,9.677155568933117,209.76732498122186
714,1.0,-6.6859495193113405,-161.12065979513721
715,1.0,-9.21043815904955,-68.30888925519018
716,1.0,-4.173910999294252,67.7807296860195
717,1.0,6.417763234421921,47.7720856034849
718,1.0,-6.528467324729728,-239.11961781109764
719,1.0,7.740806618645961,89.55434535923705
720,1.0,5.69810339437349,122.14069812813861
721,1.0,6.28709177299807,63.453616010319145
722,1.0,1.5559745366939515,2.0455201033265773
723,1.0,7.957265200456744,9.231056725631376
724,1.0,-9.161913857927013,-17.798150818073935
725,1.0,4.368409550256976,210.99646566792535
726,1.0,5.001826497103137,-23.887500609329393
727,1.0,-9.807266426300835,-303.4324783578436
728,1.0,1.1293875452762347,52.059619570897844
729,1.0,2.3223742135194847,-34.32499266546631
730,1.0,8.467033154006124,243.9887380134703
731,1.0,1.1583840172425308,115.2095818844395
732,1.0,-0.6005800989137433,-4.225040281927923
733,1.0,-9.758620612594218,-125.54503898090007
734,1.0,2.230243466006294,-46.927520995904786
735,1.0,2.275086059269711,-17.640678731924027
736,1.0,3.168740861011501,145.8174844548966
737,1.0,-1.2987674578788888,-85.54097933333243
738,1.0,0.4644567925643628,110.97168158976261
739,1.0,9.97827060200228,-137.61660727972617
740,1.0,-4.067532979290482,-26.63338901027293
741,1.0,8.327606789245225,-94.09654830719944
742,1.0,7.206182086678696,32.08179685247636
743,1.0,0.8316582727728017,100.58577826981916
744,1.0,1.9247041143156518,-49.767087849374676
745,1.0,-7.588708454280219,-106.46317205278689
746,1.0,3.4254139720560706,78.95277055181913
747,1.0,-3.84172891784057,-108.83536982861148
748,1.0,4.185475855902936,-49.92903676078734
749,1.0,-7.104970742352837,-107.6572787989367
750,1.0,8.773392728287527,232.83539787447302
751,1.0,-8.746310476418655,-71.26981428895199
752,1.0,-9.48777143246746,-186.30793346807073
753,1.0,9.401063092785202,187.44818513436837
754,1.0,8.879139066333002,86.41482224725567
755,1.0,-2.9406317214505795,-85.98559673987853
756,1.0,-7.185645189683778,-252.52871033214439
757,1.0,-3.0335704543179776,10.226948284148996
758,1.0,9.60431354029964,251.4229544025681
759,1.0,9.001794655766435,61.06673567842964
760,1.0,-8.919635870148749,-188.73043169523658
761,1.0,-2.788844684916154,-101.4520165086873
762,1.0,4.157917961962552,40.613661396554875
763,1.0,-5.3823273999420485,-54.36215603641773
764,1.0,7.090404865373725,-109.11578564809231
765,1.0,7.516124917838763,-79.5857335159327
766,1.0,-0.4542102869828657,-150.1928197143755
767,1.0,4.228869777164044,45.30774526695093
768,1.0,9.193833566504605,-21.258245990485307
769,1.0,-0.647891983334643,-1.3706912691992166
770,1.0,7.080855894299802,39.10771871615043
771,1.0,6.180045191179304,40.8426010859998
772,1.0,0.8067440478236398,-116.75367361025877
773,1.0,-1.8006243421498658,0.24434322998926916
774,1.0,7.897125162410459,67.1463377088902
775,1.0,-0.29946392732500327,37.472433307834194
776,1.0,-2.3180495029059633,9.040691055997968
777,1.0,-1.4406376841238644,-189.0623788141414
778,1.0,8.342892110365867,346.91804510866064
779,1.0,3.4720499547372397,207.79242479769798
780,1.0,0.4421316554698129,-64.57410868669224
781,1.0,-3.3193311986736185,-87.67759663077251
782,1.0,-3.2903151686321497,-63.437919705753984
783,1.0,2.4166029085184904,-35.53530707860624
784,1.0,-8.791114969572856,-147.3825716043281
785,1.0,-0.2930647373811701,-99.93577617417739
786,1.0,-3.682840581731579,-24.734763341836214
787,1.0,-9.371157696346113,111.59995659880337
788,1.0,-2.7710431027978366,48.9073115647077
789,1.0,5.8121462277950915,80.13359584321671
790,1.0,4.082007379851278,58.637279770995654
791,1.0,8.521482658768383,204.98867481402004
792,1.0,-3.2096351412883806,-103.76029476855146
793,1.0,6.772084162923278,6.514147710840618
794,1.0,0.7978230260545116,-155.9578227766106
795,1.0,-2.968098605446592,-177.312765500585
796,1.0,0.13484198473690645,75.96046520391255
797,1.0,5.961596623452053,187.18160629832
798,1.0,1.2038193582132362,87.76718904661672
799,1.0,5.771818502274348,186.96253063985273
800,1.0,-3.9591255365664058,33.31283219492583
801,1.0,0.8587627465363434,-18.346370311928396
802,1.0,-4.04865951927551,40.152675970306596
803,1.0,9.87536215239058,189.0347866535451
804,1.0,2.8546168872565625,83.57792658320332
805,1.0,-3.5362721307197353,-26.702647518902005
806,1.0,1.1879809929931873,73.94937638186096
807,1.0,-9.850530802269297,-153.90214305230703
808,1.0,0.39660095979411336,184.65341733016888
809,1.0,-4.437347037296275,-74.3831717788921
810,1.0,4.309116869104881,229.37982693389262
811,1.0,5.235701503085128,110.66835249451614
812,1.0,-3.8702068191939,71.56065796346395
813,1.0,2.268203240623692,85.80730343142966
814,1.0,4.623109094595234,94.9777146334069
815,1.0,-5.545916172124292,74.86344301666836
816,1.0,-1.2124212287716318,95.42205430300714
817,1.0,-1.8444442829135377,-98.86020666264606
818,1.0,-1.0849283765605677,-7.447493521167964
819,1.0,-0.7474071776168123,65.21823029155262
820,1.0,-1.2091548362623517,55.081792716139056
821,1.0,1.3970819440068727,-155.38470953291596
822,1.0,-5.872455537609498,9.232968881623407
823,1.0,-3.225885117202165,42.85910503326281
824,1.0,-6.877573332819795,23.656412620929245
825,1.0,-0.5002371726257593,137.12346570048007
826,1.0,7.919165615307131,119.74244377556472
827,1.0,4.316473230582556,122.01536148572413
828,1.0,-4.7992110126119325,-156.16905018526398
829,1.0,1.4425564805643032,69.39361125841057
830,1.0,-0.48098227905833735,-132.9751838935759
831,1.0,7.484910610039073,35.10333806171852
832,1.0,9.830692984017112,240.69116676626857
833,1.0,9.326817697077313,295.53995075190335
834,1.0,6.293891837149543,309.9778006830887
835,1.0,4.904819312641897,-59.727321553625444
836,1.0,-7.108973783461554,-140.46343162613584
837,1.0,0.8450653774771433,151.60005632772868
838,1.0,-1.9522409003565389,65.34689836094499
839,1.0,3.644632624273265,50.028883322637384
840,1.0,-1.8711867816258843,8.762652233791584
841,1.0,2.653222408938838,254.70525412981405
842,1.0,-5.385981878800723,-94.81453916684903
843,1.0,-9.550193808071263,-129.18858576550696
844,1.0,-3.427194843443071,136.12474430419547
845,1.0,2.848700448852657,9.619120161703478
846,1.0,7.616392496168791,79.58444742007796
847,1.0,-5.353578695178425,-160.42726202384046
848,1.0,7.358843980354277,46.079439637209404
849,1.0,-6.394184414765666,-66.1915197249336
850,1.0,-3.698333230643782,87.47726653810433
851,1.0,-4.09005003568121,56.12860175681852
852,1.0,-2.6932684309154853,-32.33831139468721
853,1.0,-8.118135190574518,-133.2888534930375
854,1.0,-7.799040780709719,-21.69670580207473
855,1.0,2.1715042725480482,25.217926688099645
856,1.0,-9.76417358434611,-32.33910361103446
857,1.0,-1.3520608667893508,-29.043718667127504
858,1.0,-9.541746883940947,-48.56982494554448
859,1.0,-2.2224041285740803,-230.60143634529814
860,1.0,3.3741039990104382,6.285082758419698
861,1.0,1.1775201077433928,89.16226045603511
862,1.0,-4.770674694195036,-133.7967740882287
863,1.0,6.50147572541931,184.72692540623984
864,1.0,6.51213617042941,71.84515944215224
865,1.0,-1.5966271726426218,74.59459556086236
866,1.0,-5.062450931464881,-213.00260620213987
867,1.0,-1.3248611967404744,58.17597453133956
868,1.0,-7.062103106447692,-59.43912239967899
869,1.0,4.314271042210991,307.5797768540924
870,1.0,1.1907910718941617,49.597066382217726
871,1.0,2.3414050942926212,80.13553852565693
872,1.0,-1.5477946306509294,-108.59877569041983
873,1.0,9.156823381762742,200.2291437653658
874,1.0,-6.329787294655356,-111.02921977667636
875,1.0,6.57605806866846,139.19726772665925
876,1.0,-5.264881568124959,90.06567815478098
877,1.0,-4.729263605329002,-75.92870303460975
878,1.0,-9.365667830622584,-102.34078802703374
879,1.0,-9.579574713549366,-43.61110384797567
880,1.0,-2.4129761625877344,14.41178028725605
881,1.0,-3.5729395283610277,-276.43823386042857
882,1.0,6.948495686096853,63.2492975070638
883,1.0,3.8898854008053707,-183.04119334059936
884,1.0,-6.22039869841986,-73.87861214820032
885,1.0,-6.113281023447826,-125.50876247278663
886,1.0,-8.4648899726176,-119.85782085499264
887,1.0,-1.2639630557303372,21.641783321949163
888,1.0,8.05542742617353,55.40569360755089
889,1.0,0.9924460028872217,-50.35625029997842
890,1.0,-0.09365140430636743,-0.5947907293575208
891,1.0,9.442976064580765,88.12369046145804
892,1.0,7.182012791137533,16.578249856174025
893,1.0,1.6868969404513834,47.76795491512202
894,1.0,2.6875018669598227,111.73075066671865
895,1.0,0.07371560933490562,150.87603026969802
896,1.0,-7.713865090491847,-254.23082201972116
897,1.0,2.6310775152100674,-96.19921603367138
898,1.0,-0.8728887479074587,242.72618275366014
899,1.0,-3.812645574893494,-96.67463675633877
900,1.0,-9.919680296907416,-210.6351252401417
901,1.0,-0.5909884464079673,114.33114189235465
902,1.0,-0.6580548828639987,-239.0672148714103
903,1.0,-5.694555482857,-42.19203280473195
904,1.0,-5.2067805405177925,-25.7691358195109
905,1.0,9.48979294991396,216.22663868956056
906,1.0,9.107929316168825,104.90495688120146
907,1.0,6.371582576869532,212.05277468810706
908,1.0,7.92617471731325,304.21050424675445
909,1.0,0.2593429930396529,-12.687514895740982
910,1.0,-3.3097352760037935,-330.4291603443721
911,1.0,3.3512168384790453,-30.830022934163182
912,1.0,6.762851654012927,267.10319774455354
913,1.0,7.652649295056206,271.87840795325974
914,1.0,-1.4402962184461998,93.28050676580375
915,1.0,4.677520784291769,33.71140900285525
916,1.0,-6.547813116088761,-70.63348706338971
917,1.0,-4.213523878778163,-71.11642033690694
918,1.0,-9.68849508822416,-47.812508868345446
919,1.0,-4.374097762966011,-180.0399333897767
920,1.0,-3.4476010785064037,89.11933690247383
921,1.0,-5.575407337938627,-54.31560899354939
922,1.0,-2.0427929681126678,-161.31579185765736
923,1.0,0.5083192856790131,10.177559641476273
924,1.0,-8.317691659274477,-204.29922409542488
925,1.0,-2.4646252070580643,123.58766723723477
926,1.0,-5.2983629688647715,27.836060891795483
927,1.0,7.3166780117516605,89.01950324034533
928,1.0,-2.705099813731755,-58.835209900926884
929,1.0,-2.32279044579051,-166.83993708757157
930,1.0,0.6025845113347938,-173.44297833031928
931,1.0,-2.508600747170786,52.623816370957115
932,1.0,-2.56776052819071,-111.48563343752616
933,1.0,-3.9891697055224973,-159.12455043930262
934,1.0,-6.498094627561799,-93.96889060176495
935,1.0,1.178300208610561,54.98694119347809
936,1.0,-5.535714684934392,-20.317242604584642
937,1.0,-2.8777957174923974,-157.2915693723491
938,1.0,1.0636665457463756,31.747198758738886
939,1.0,9.380738860577843,94.0385132701551
940,1.0,6.148307761167788,124.0471898729656
941,1.0,-2.3833536711009895,-34.60617648409845
942,1.0,-7.882819569922221,118.18743911169219
943,1.0,-8.072392351084776,-257.45504394818033
944,1.0,-9.189551085623645,-195.44844991976748
945,1.0,-4.498205860246265,9.259586910524959
946,1.0,7.494944779729,-82.47412115082511
947,1.0,8.125531895202256,-59.80428165703479
948,1.0,5.8228461079822385,-57.193809098316066
949,1.0,-9.525418863761022,-160.26273421211624
950,1.0,9.320749793272157,-149.84918674618717
951,1.0,4.0284785815350554,135.64746714813373
952,1.0,5.244114172373083,-208.18092490534949
953,1.0,-0.07704819707124999,55.028271027514606
954,1.0,-9.231877174344461,-111.83859377703979
955,1.0,4.757646300192768,-37.513671721109375
956,1.0,3.8151621291440385,34.71585640914543
957,1.0,-4.001755777706868,-135.72420911795354
958,1.0,-3.3697882322071893,-48.778976025212316
959,1.0,-4.659414992440823,-235.15811070528315
960,1.0,-9.10674625061712,-7.250610717800953
961,1.0,4.5143278386883985,28.30476039028143
962,1.0,0.5869997397041171,30.0780801423599
963,1.0,4.7892565599732855,52.7977573369634
964,1.0,1.7045390414204609,-47.67566306504062
965,1.0,-1.7355554489385328,-18.234500646271243
966,1.0,-8.031301047710894,-288.5114748053627
967,1.0,2.62063824334982,29.60213577335272
968,1.0,-5.801463730646111,-244.44390545467095
969,1.0,-8.086130198662197,-136.78859987725025
970,1.0,0.4450277377930112,-117.8001668662769
971,1.0,-9.246548371069954,-182.35271765274106
972,1.0,3.578530496572161,290.54908937204164
973,1.0,-6.678254546069935,-257.2584145490434
974,1.0,8.653068157939703,145.73715488639138
975,1.0,3.609721270535391,60.17696040578782
976,1.0,-8.527499766974799,-35.41539624773685
977,1.0,0.6856668547239808,8.682203377540993
978,1.0,-8.740027863284059,-100.840461025897
979,1.0,-7.6038477057002485,-429.4981457733842
980,1.0,3.3578111911673614,205.33718152142552
981,1.0,-5.037679753944255,-177.37612859215807
982,1.0,-2.4946908043886884,121.8866455301567
983,1.0,-2.7552589132447425,19.894335401889748
984,1.0,5.939938492743222,35.28156722195402
985,1.0,-7.788912342409107,-451.1338441483326
986,1.0,-2.2049874607539244,-21.21593269813077
987,1.0,-2.0378111488293515,-57.88387895218453
988,1.0,-0.9116237460162546,25.112053678656018
989,1.0,1.9060053382407771,105.20438356602584
990,1.0,0.06579295341897273,-102.6878123571839
991,1.0,-8.791895764996784,-14.275512765353355
992,1.0,-3.280874703633887,-122.96590690580402
993,1.0,8.699861859580846,262.2015587073871
994,1.0,-9.242618666193234,-6.083182818877901
995,1.0,-6.852498028564495,-12.371098930017752
996,1.0,-9.941560610696827,-208.17367175470017
997,1.0,-5.195701374762185,-140.89949201409814
998,1.0,3.66318965674453,-135.17233221284553
999,1.0,-6.236774464625519,-38.530496007001254
